method,source_cents,condition,nuisance_seed,waveform_sha256,repeat,position,elapsed_ms,encoder_source_sha256,python,numpy
legacy-point,4800,clean,17,805ec002655e654e381da0541ea742b133b002a48cc4f8a398cd69eb9a13c395,0,0,7.529989,c295d1ed726ec71010d2a9f66ee441fed92b49ce986eb3fb21cf69e2dfafc23b,3.12.3,2.5.1
cell-max,4800,clean,17,805ec002655e654e381da0541ea742b133b002a48cc4f8a398cd69eb9a13c395,0,1,10.319499,c295d1ed726ec71010d2a9f66ee441fed92b49ce986eb3fb21cf69e2dfafc23b,3.12.3,2.5.1
quadratic-fft,4800,clean,17,805ec002655e654e381da0541ea742b133b002a48cc4f8a398cd69eb9a13c395,0,2,7.35278,c295d1ed726ec71010d2a9f66ee441fed92b49ce986eb3fb21cf69e2dfafc23b,3.12.3,2.5.1
cell-max,4800,clean,17,805ec002655e654e381da0541ea742b133b002a48cc4f8a398cd69eb9a13c395,1,0,10.318308,c295d1ed726ec71010d2a9f66ee441fed92b49ce986eb3fb21cf69e2dfafc23b,3.12.3,2.5.1
quadratic-fft,4800,clean,17,805ec002655e654e381da0541ea742b133b002a48cc4f8a398cd69eb9a13c395,1,1,7.346994,c295d1ed726ec71010d2a9f66ee441fed92b49ce986eb3fb21cf69e2dfafc23b,3.12.3,2.5.1
legacy-point,4800,clean,17,805ec002655e654e381da0541ea742b133b002a48cc4f8a398cd69eb9a13c395,1,2,8.579474,c295d1ed726ec71010d2a9f66ee441fed92b49ce986eb3fb21cf69e2dfafc23b,3.12.3,2.5.1
quadratic-fft,4800,clean,17,805ec002655e654e381da0541ea742b133b002a48cc4f8a398cd69eb9a13c395,2,0,7.911251,c295d1ed726ec71010d2a9f66ee441fed92b49ce986eb3fb21cf69e2dfafc23b,3.12.3,2.5.1
legacy-point,4800,clean,17,805ec002655e654e381da0541ea742b133b002a48cc4f8a398cd69eb9a13c395,2,1,8.299248,c295d1ed726ec71010d2a9f66ee441fed92b49ce986eb3fb21cf69e2dfafc23b,3.12.3,2.5.1
cell-max,4800,clean,17,805ec002655e654e381da0541ea742b133b002a48cc4f8a398cd69eb9a13c395,2,2,10.254761,c295d1ed726ec71010d2a9f66ee441fed92b49ce986eb3fb21cf69e2dfafc23b,3.12.3,2.5.1
legacy-point,4800,clean,17,805ec002655e654e381da0541ea742b133b002a48cc4f8a398cd69eb9a13c395,3,0,9.04226,c295d1ed726ec71010d2a9f66ee441fed92b49ce986eb3fb21cf69e2dfafc23b,3.12.3,2.5.1
cell-max,4800,clean,17,805ec002655e654e381da0541ea742b133b002a48cc4f8a398cd69eb9a13c395,3,1,10.813025,c295d1ed726ec71010d2a9f66ee441fed92b49ce986eb3fb21cf69e2dfafc23b,3.12.3,2.5.1
quadratic-fft,4800,clean,17,805ec002655e654e381da0541ea742b133b002a48cc4f8a398cd69eb9a13c395,3,2,7.992809,c295d1ed726ec71010d2a9f66ee441fed92b49ce986eb3fb21cf69e2dfafc23b,3.12.3,2.5.1
cell-max,4800,clean,17,805ec002655e654e381da0541ea742b133b002a48cc4f8a398cd69eb9a13c395,4,0,10.565489,c295d1ed726ec71010d2a9f66ee441fed92b49ce986eb3fb21cf69e2dfafc23b,3.12.3,2.5.1
quadratic-fft,4800,clean,17,805ec002655e654e381da0541ea742b133b002a48cc4f8a398cd69eb9a13c395,4,1,8.248047,c295d1ed726ec71010d2a9f66ee441fed92b49ce986eb3fb21cf69e2dfafc23b,3.12.3,2.5.1
legacy-point,4800,clean,17,805ec002655e654e381da0541ea742b133b002a48cc4f8a398cd69eb9a13c395,4,2,9.564164,c295d1ed726ec71010d2a9f66ee441fed92b49ce986eb3fb21cf69e2dfafc23b,3.12.3,2.5.1
cell-max,4800,noise-10db,17,481c20d0f1851f99314122df2e30bd1cd108a80f66868d523532990d595e242a,0,0,10.531735,c295d1ed726ec71010d2a9f66ee441fed92b49ce986eb3fb21cf69e2dfafc23b,3.12.3,2.5.1
quadratic-fft,4800,noise-10db,17,481c20d0f1851f99314122df2e30bd1cd108a80f66868d523532990d595e242a,0,1,8.887713,c295d1ed726ec71010d2a9f66ee441fed92b49ce986eb3fb21cf69e2dfafc23b,3.12.3,2.5.1
legacy-point,4800,noise-10db,17,481c20d0f1851f99314122df2e30bd1cd108a80f66868d523532990d595e242a,0,2,8.233201,c295d1ed726ec71010d2a9f66ee441fed92b49ce986eb3fb21cf69e2dfafc23b,3.12.3,2.5.1
quadratic-fft,4800,noise-10db,17,481c20d0f1851f99314122df2e30bd1cd108a80f66868d523532990d595e242a,1,0,8.606612,c295d1ed726ec71010d2a9f66ee441fed92b49ce986eb3fb21cf69e2dfafc23b,3.12.3,2.5.1
legacy-point,4800,noise-10db,17,481c20d0f1851f99314122df2e30bd1cd108a80f66868d523532990d595e242a,1,1,8.206223,c295d1ed726ec71010d2a9f66ee441fed92b49ce986eb3fb21cf69e2dfafc23b,3.12.3,2.5.1
cell-max,4800,noise-10db,17,481c20d0f1851f99314122df2e30bd1cd108a80f66868d523532990d595e242a,1,2,10.271027,c295d1ed726ec71010d2a9f66ee441fed92b49ce986eb3fb21cf69e2dfafc23b,3.12.3,2.5.1
legacy-point,4800,noise-10db,17,481c20d0f1851f99314122df2e30bd1cd108a80f66868d523532990d595e242a,2,0,8.141606,c295d1ed726ec71010d2a9f66ee441fed92b49ce986eb3fb21cf69e2dfafc23b,3.12.3,2.5.1
cell-max,4800,noise-10db,17,481c20d0f1851f99314122df2e30bd1cd108a80f66868d523532990d595e242a,2,1,9.73452,c295d1ed726ec71010d2a9f66ee441fed92b49ce986eb3fb21cf69e2dfafc23b,3.12.3,2.5.1
quadratic-fft,4800,noise-10db,17,481c20d0f1851f99314122df2e30bd1cd108a80f66868d523532990d595e242a,2,2,8.963133,c295d1ed726ec71010d2a9f66ee441fed92b49ce986eb3fb21cf69e2dfafc23b,3.12.3,2.5.1
cell-max,4800,noise-10db,17,481c20d0f1851f99314122df2e30bd1cd108a80f66868d523532990d595e242a,3,0,8.753639,c295d1ed726ec71010d2a9f66ee441fed92b49ce986eb3fb21cf69e2dfafc23b,3.12.3,2.5.1
quadratic-fft,4800,noise-10db,17,481c20d0f1851f99314122df2e30bd1cd108a80f66868d523532990d595e242a,3,1,8.561649,c295d1ed726ec71010d2a9f66ee441fed92b49ce986eb3fb21cf69e2dfafc23b,3.12.3,2.5.1
legacy-point,4800,noise-10db,17,481c20d0f1851f99314122df2e30bd1cd108a80f66868d523532990d595e242a,3,2,8.661082,c295d1ed726ec71010d2a9f66ee441fed92b49ce986eb3fb21cf69e2dfafc23b,3.12.3,2.5.1
quadratic-fft,4800,noise-10db,17,481c20d0f1851f99314122df2e30bd1cd108a80f66868d523532990d595e242a,4,0,9.644302,c295d1ed726ec71010d2a9f66ee441fed92b49ce986eb3fb21cf69e2dfafc23b,3.12.3,2.5.1
legacy-point,4800,noise-10db,17,481c20d0f1851f99314122df2e30bd1cd108a80f66868d523532990d595e242a,4,1,8.328605,c295d1ed726ec71010d2a9f66ee441fed92b49ce986eb3fb21cf69e2dfafc23b,3.12.3,2.5.1
cell-max,4800,noise-10db,17,481c20d0f1851f99314122df2e30bd1cd108a80f66868d523532990d595e242a,4,2,11.672157,c295d1ed726ec71010d2a9f66ee441fed92b49ce986eb3fb21cf69e2dfafc23b,3.12.3,2.5.1
quadratic-fft,6000,clean,17,6a1290eb00ecd8d9cbfd7c3702777c5ac15c9335c73f71d53ef2335c8111088a,0,0,10.575461,c295d1ed726ec71010d2a9f66ee441fed92b49ce986eb3fb21cf69e2dfafc23b,3.12.3,2.5.1
legacy-point,6000,clean,17,6a1290eb00ecd8d9cbfd7c3702777c5ac15c9335c73f71d53ef2335c8111088a,0,1,8.307173,c295d1ed726ec71010d2a9f66ee441fed92b49ce986eb3fb21cf69e2dfafc23b,3.12.3,2.5.1
cell-max,6000,clean,17,6a1290eb00ecd8d9cbfd7c3702777c5ac15c9335c73f71d53ef2335c8111088a,0,2,8.509499,c295d1ed726ec71010d2a9f66ee441fed92b49ce986eb3fb21cf69e2dfafc23b,3.12.3,2.5.1
legacy-point,6000,clean,17,6a1290eb00ecd8d9cbfd7c3702777c5ac15c9335c73f71d53ef2335c8111088a,1,0,7.304305,c295d1ed726ec71010d2a9f66ee441fed92b49ce986eb3fb21cf69e2dfafc23b,3.12.3,2.5.1
cell-max,6000,clean,17,6a1290eb00ecd8d9cbfd7c3702777c5ac15c9335c73f71d53ef2335c8111088a,1,1,9.197684,c295d1ed726ec71010d2a9f66ee441fed92b49ce986eb3fb21cf69e2dfafc23b,3.12.3,2.5.1
quadratic-fft,6000,clean,17,6a1290eb00ecd8d9cbfd7c3702777c5ac15c9335c73f71d53ef2335c8111088a,1,2,7.518492,c295d1ed726ec71010d2a9f66ee441fed92b49ce986eb3fb21cf69e2dfafc23b,3.12.3,2.5.1
cell-max,6000,clean,17,6a1290eb00ecd8d9cbfd7c3702777c5ac15c9335c73f71d53ef2335c8111088a,2,0,8.956711,c295d1ed726ec71010d2a9f66ee441fed92b49ce986eb3fb21cf69e2dfafc23b,3.12.3,2.5.1
quadratic-fft,6000,clean,17,6a1290eb00ecd8d9cbfd7c3702777c5ac15c9335c73f71d53ef2335c8111088a,2,1,7.050604,c295d1ed726ec71010d2a9f66ee441fed92b49ce986eb3fb21cf69e2dfafc23b,3.12.3,2.5.1
legacy-point,6000,clean,17,6a1290eb00ecd8d9cbfd7c3702777c5ac15c9335c73f71d53ef2335c8111088a,2,2,6.705706,c295d1ed726ec71010d2a9f66ee441fed92b49ce986eb3fb21cf69e2dfafc23b,3.12.3,2.5.1
quadratic-fft,6000,clean,17,6a1290eb00ecd8d9cbfd7c3702777c5ac15c9335c73f71d53ef2335c8111088a,3,0,6.531409,c295d1ed726ec71010d2a9f66ee441fed92b49ce986eb3fb21cf69e2dfafc23b,3.12.3,2.5.1
legacy-point,6000,clean,17,6a1290eb00ecd8d9cbfd7c3702777c5ac15c9335c73f71d53ef2335c8111088a,3,1,7.643034,c295d1ed726ec71010d2a9f66ee441fed92b49ce986eb3fb21cf69e2dfafc23b,3.12.3,2.5.1
cell-max,6000,clean,17,6a1290eb00ecd8d9cbfd7c3702777c5ac15c9335c73f71d53ef2335c8111088a,3,2,8.416027,c295d1ed726ec71010d2a9f66ee441fed92b49ce986eb3fb21cf69e2dfafc23b,3.12.3,2.5.1
legacy-point,6000,clean,17,6a1290eb00ecd8d9cbfd7c3702777c5ac15c9335c73f71d53ef2335c8111088a,4,0,8.412001,c295d1ed726ec71010d2a9f66ee441fed92b49ce986eb3fb21cf69e2dfafc23b,3.12.3,2.5.1
cell-max,6000,clean,17,6a1290eb00ecd8d9cbfd7c3702777c5ac15c9335c73f71d53ef2335c8111088a,4,1,10.835973,c295d1ed726ec71010d2a9f66ee441fed92b49ce986eb3fb21cf69e2dfafc23b,3.12.3,2.5.1
quadratic-fft,6000,clean,17,6a1290eb00ecd8d9cbfd7c3702777c5ac15c9335c73f71d53ef2335c8111088a,4,2,7.839292,c295d1ed726ec71010d2a9f66ee441fed92b49ce986eb3fb21cf69e2dfafc23b,3.12.3,2.5.1
legacy-point,6000,noise-10db,17,5f56ef11f61a136e0b3b48ef635787c44c49853d88b80bfb8fba6c3e1aa4b231,0,0,8.340632,c295d1ed726ec71010d2a9f66ee441fed92b49ce986eb3fb21cf69e2dfafc23b,3.12.3,2.5.1
cell-max,6000,noise-10db,17,5f56ef11f61a136e0b3b48ef635787c44c49853d88b80bfb8fba6c3e1aa4b231,0,1,11.151007,c295d1ed726ec71010d2a9f66ee441fed92b49ce986eb3fb21cf69e2dfafc23b,3.12.3,2.5.1
quadratic-fft,6000,noise-10db,17,5f56ef11f61a136e0b3b48ef635787c44c49853d88b80bfb8fba6c3e1aa4b231,0,2,8.627422,c295d1ed726ec71010d2a9f66ee441fed92b49ce986eb3fb21cf69e2dfafc23b,3.12.3,2.5.1
cell-max,6000,noise-10db,17,5f56ef11f61a136e0b3b48ef635787c44c49853d88b80bfb8fba6c3e1aa4b231,1,0,10.900577,c295d1ed726ec71010d2a9f66ee441fed92b49ce986eb3fb21cf69e2dfafc23b,3.12.3,2.5.1
quadratic-fft,6000,noise-10db,17,5f56ef11f61a136e0b3b48ef635787c44c49853d88b80bfb8fba6c3e1aa4b231,1,1,8.652066,c295d1ed726ec71010d2a9f66ee441fed92b49ce986eb3fb21cf69e2dfafc23b,3.12.3,2.5.1
legacy-point,6000,noise-10db,17,5f56ef11f61a136e0b3b48ef635787c44c49853d88b80bfb8fba6c3e1aa4b231,1,2,7.819499,c295d1ed726ec71010d2a9f66ee441fed92b49ce986eb3fb21cf69e2dfafc23b,3.12.3,2.5.1
quadratic-fft,6000,noise-10db,17,5f56ef11f61a136e0b3b48ef635787c44c49853d88b80bfb8fba6c3e1aa4b231,2,0,9.266599,c295d1ed726ec71010d2a9f66ee441fed92b49ce986eb3fb21cf69e2dfafc23b,3.12.3,2.5.1
legacy-point,6000,noise-10db,17,5f56ef11f61a136e0b3b48ef635787c44c49853d88b80bfb8fba6c3e1aa4b231,2,1,9.19085,c295d1ed726ec71010d2a9f66ee441fed92b49ce986eb3fb21cf69e2dfafc23b,3.12.3,2.5.1
cell-max,6000,noise-10db,17,5f56ef11f61a136e0b3b48ef635787c44c49853d88b80bfb8fba6c3e1aa4b231,2,2,11.492441,c295d1ed726ec71010d2a9f66ee441fed92b49ce986eb3fb21cf69e2dfafc23b,3.12.3,2.5.1
legacy-point,6000,noise-10db,17,5f56ef11f61a136e0b3b48ef635787c44c49853d88b80bfb8fba6c3e1aa4b231,3,0,9.510897,c295d1ed726ec71010d2a9f66ee441fed92b49ce986eb3fb21cf69e2dfafc23b,3.12.3,2.5.1
cell-max,6000,noise-10db,17,5f56ef11f61a136e0b3b48ef635787c44c49853d88b80bfb8fba6c3e1aa4b231,3,1,11.571606,c295d1ed726ec71010d2a9f66ee441fed92b49ce986eb3fb21cf69e2dfafc23b,3.12.3,2.5.1
quadratic-fft,6000,noise-10db,17,5f56ef11f61a136e0b3b48ef635787c44c49853d88b80bfb8fba6c3e1aa4b231,3,2,9.343469,c295d1ed726ec71010d2a9f66ee441fed92b49ce986eb3fb21cf69e2dfafc23b,3.12.3,2.5.1
cell-max,6000,noise-10db,17,5f56ef11f61a136e0b3b48ef635787c44c49853d88b80bfb8fba6c3e1aa4b231,4,0,9.836787,c295d1ed726ec71010d2a9f66ee441fed92b49ce986eb3fb21cf69e2dfafc23b,3.12.3,2.5.1
quadratic-fft,6000,noise-10db,17,5f56ef11f61a136e0b3b48ef635787c44c49853d88b80bfb8fba6c3e1aa4b231,4,1,8.881789,c295d1ed726ec71010d2a9f66ee441fed92b49ce986eb3fb21cf69e2dfafc23b,3.12.3,2.5.1
legacy-point,6000,noise-10db,17,5f56ef11f61a136e0b3b48ef635787c44c49853d88b80bfb8fba6c3e1aa4b231,4,2,9.069259,c295d1ed726ec71010d2a9f66ee441fed92b49ce986eb3fb21cf69e2dfafc23b,3.12.3,2.5.1
cell-max,6857,clean,17,993faa1b3cc97c16ce7545805034b7a64880fad67864c99d36aebf8d566e02bb,0,0,11.051341,c295d1ed726ec71010d2a9f66ee441fed92b49ce986eb3fb21cf69e2dfafc23b,3.12.3,2.5.1
quadratic-fft,6857,clean,17,993faa1b3cc97c16ce7545805034b7a64880fad67864c99d36aebf8d566e02bb,0,1,7.828953,c295d1ed726ec71010d2a9f66ee441fed92b49ce986eb3fb21cf69e2dfafc23b,3.12.3,2.5.1
legacy-point,6857,clean,17,993faa1b3cc97c16ce7545805034b7a64880fad67864c99d36aebf8d566e02bb,0,2,9.610535,c295d1ed726ec71010d2a9f66ee441fed92b49ce986eb3fb21cf69e2dfafc23b,3.12.3,2.5.1
quadratic-fft,6857,clean,17,993faa1b3cc97c16ce7545805034b7a64880fad67864c99d36aebf8d566e02bb,1,0,6.673348,c295d1ed726ec71010d2a9f66ee441fed92b49ce986eb3fb21cf69e2dfafc23b,3.12.3,2.5.1
legacy-point,6857,clean,17,993faa1b3cc97c16ce7545805034b7a64880fad67864c99d36aebf8d566e02bb,1,1,8.142972,c295d1ed726ec71010d2a9f66ee441fed92b49ce986eb3fb21cf69e2dfafc23b,3.12.3,2.5.1
cell-max,6857,clean,17,993faa1b3cc97c16ce7545805034b7a64880fad67864c99d36aebf8d566e02bb,1,2,10.063327,c295d1ed726ec71010d2a9f66ee441fed92b49ce986eb3fb21cf69e2dfafc23b,3.12.3,2.5.1
legacy-point,6857,clean,17,993faa1b3cc97c16ce7545805034b7a64880fad67864c99d36aebf8d566e02bb,2,0,8.978045,c295d1ed726ec71010d2a9f66ee441fed92b49ce986eb3fb21cf69e2dfafc23b,3.12.3,2.5.1
cell-max,6857,clean,17,993faa1b3cc97c16ce7545805034b7a64880fad67864c99d36aebf8d566e02bb,2,1,11.245115,c295d1ed726ec71010d2a9f66ee441fed92b49ce986eb3fb21cf69e2dfafc23b,3.12.3,2.5.1
quadratic-fft,6857,clean,17,993faa1b3cc97c16ce7545805034b7a64880fad67864c99d36aebf8d566e02bb,2,2,8.031718,c295d1ed726ec71010d2a9f66ee441fed92b49ce986eb3fb21cf69e2dfafc23b,3.12.3,2.5.1
cell-max,6857,clean,17,993faa1b3cc97c16ce7545805034b7a64880fad67864c99d36aebf8d566e02bb,3,0,10.794374,c295d1ed726ec71010d2a9f66ee441fed92b49ce986eb3fb21cf69e2dfafc23b,3.12.3,2.5.1
quadratic-fft,6857,clean,17,993faa1b3cc97c16ce7545805034b7a64880fad67864c99d36aebf8d566e02bb,3,1,8.134035,c295d1ed726ec71010d2a9f66ee441fed92b49ce986eb3fb21cf69e2dfafc23b,3.12.3,2.5.1
legacy-point,6857,clean,17,993faa1b3cc97c16ce7545805034b7a64880fad67864c99d36aebf8d566e02bb,3,2,8.662891,c295d1ed726ec71010d2a9f66ee441fed92b49ce986eb3fb21cf69e2dfafc23b,3.12.3,2.5.1
quadratic-fft,6857,clean,17,993faa1b3cc97c16ce7545805034b7a64880fad67864c99d36aebf8d566e02bb,4,0,8.028652,c295d1ed726ec71010d2a9f66ee441fed92b49ce986eb3fb21cf69e2dfafc23b,3.12.3,2.5.1
legacy-point,6857,clean,17,993faa1b3cc97c16ce7545805034b7a64880fad67864c99d36aebf8d566e02bb,4,1,9.293889,c295d1ed726ec71010d2a9f66ee441fed92b49ce986eb3fb21cf69e2dfafc23b,3.12.3,2.5.1
cell-max,6857,clean,17,993faa1b3cc97c16ce7545805034b7a64880fad67864c99d36aebf8d566e02bb,4,2,10.592204,c295d1ed726ec71010d2a9f66ee441fed92b49ce986eb3fb21cf69e2dfafc23b,3.12.3,2.5.1
quadratic-fft,6857,noise-10db,17,499caf974f31e0d58e3e5deff5783d377823b4858ec18111335d17355ae4c24c,0,0,8.712746,c295d1ed726ec71010d2a9f66ee441fed92b49ce986eb3fb21cf69e2dfafc23b,3.12.3,2.5.1
legacy-point,6857,noise-10db,17,499caf974f31e0d58e3e5deff5783d377823b4858ec18111335d17355ae4c24c,0,1,7.027736,c295d1ed726ec71010d2a9f66ee441fed92b49ce986eb3fb21cf69e2dfafc23b,3.12.3,2.5.1
cell-max,6857,noise-10db,17,499caf974f31e0d58e3e5deff5783d377823b4858ec18111335d17355ae4c24c,0,2,10.487762,c295d1ed726ec71010d2a9f66ee441fed92b49ce986eb3fb21cf69e2dfafc23b,3.12.3,2.5.1
legacy-point,6857,noise-10db,17,499caf974f31e0d58e3e5deff5783d377823b4858ec18111335d17355ae4c24c,1,0,7.722875,c295d1ed726ec71010d2a9f66ee441fed92b49ce986eb3fb21cf69e2dfafc23b,3.12.3,2.5.1
cell-max,6857,noise-10db,17,499caf974f31e0d58e3e5deff5783d377823b4858ec18111335d17355ae4c24c,1,1,10.38336,c295d1ed726ec71010d2a9f66ee441fed92b49ce986eb3fb21cf69e2dfafc23b,3.12.3,2.5.1
quadratic-fft,6857,noise-10db,17,499caf974f31e0d58e3e5deff5783d377823b4858ec18111335d17355ae4c24c,1,2,8.263885,c295d1ed726ec71010d2a9f66ee441fed92b49ce986eb3fb21cf69e2dfafc23b,3.12.3,2.5.1
cell-max,6857,noise-10db,17,499caf974f31e0d58e3e5deff5783d377823b4858ec18111335d17355ae4c24c,2,0,10.747217,c295d1ed726ec71010d2a9f66ee441fed92b49ce986eb3fb21cf69e2dfafc23b,3.12.3,2.5.1
quadratic-fft,6857,noise-10db,17,499caf974f31e0d58e3e5deff5783d377823b4858ec18111335d17355ae4c24c,2,1,11.069871,c295d1ed726ec71010d2a9f66ee441fed92b49ce986eb3fb21cf69e2dfafc23b,3.12.3,2.5.1
legacy-point,6857,noise-10db,17,499caf974f31e0d58e3e5deff5783d377823b4858ec18111335d17355ae4c24c,2,2,8.213176,c295d1ed726ec71010d2a9f66ee441fed92b49ce986eb3fb21cf69e2dfafc23b,3.12.3,2.5.1
quadratic-fft,6857,noise-10db,17,499caf974f31e0d58e3e5deff5783d377823b4858ec18111335d17355ae4c24c,3,0,8.360738,c295d1ed726ec71010d2a9f66ee441fed92b49ce986eb3fb21cf69e2dfafc23b,3.12.3,2.5.1
legacy-point,6857,noise-10db,17,499caf974f31e0d58e3e5deff5783d377823b4858ec18111335d17355ae4c24c,3,1,8.276193,c295d1ed726ec71010d2a9f66ee441fed92b49ce986eb3fb21cf69e2dfafc23b,3.12.3,2.5.1
cell-max,6857,noise-10db,17,499caf974f31e0d58e3e5deff5783d377823b4858ec18111335d17355ae4c24c,3,2,11.327837,c295d1ed726ec71010d2a9f66ee441fed92b49ce986eb3fb21cf69e2dfafc23b,3.12.3,2.5.1
legacy-point,6857,noise-10db,17,499caf974f31e0d58e3e5deff5783d377823b4858ec18111335d17355ae4c24c,4,0,9.168827,c295d1ed726ec71010d2a9f66ee441fed92b49ce986eb3fb21cf69e2dfafc23b,3.12.3,2.5.1
cell-max,6857,noise-10db,17,499caf974f31e0d58e3e5deff5783d377823b4858ec18111335d17355ae4c24c,4,1,11.359714,c295d1ed726ec71010d2a9f66ee441fed92b49ce986eb3fb21cf69e2dfafc23b,3.12.3,2.5.1
quadratic-fft,6857,noise-10db,17,499caf974f31e0d58e3e5deff5783d377823b4858ec18111335d17355ae4c24c,4,2,8.922099,c295d1ed726ec71010d2a9f66ee441fed92b49ce986eb3fb21cf69e2dfafc23b,3.12.3,2.5.1
legacy-point,7200,clean,17,b215dd1f719de4af8cbd798c6d339ebafc57bb0c3e8aa11d354ee14f79fbb56f,0,0,9.884652,c295d1ed726ec71010d2a9f66ee441fed92b49ce986eb3fb21cf69e2dfafc23b,3.12.3,2.5.1
cell-max,7200,clean,17,b215dd1f719de4af8cbd798c6d339ebafc57bb0c3e8aa11d354ee14f79fbb56f,0,1,11.127412,c295d1ed726ec71010d2a9f66ee441fed92b49ce986eb3fb21cf69e2dfafc23b,3.12.3,2.5.1
quadratic-fft,7200,clean,17,b215dd1f719de4af8cbd798c6d339ebafc57bb0c3e8aa11d354ee14f79fbb56f,0,2,8.647568,c295d1ed726ec71010d2a9f66ee441fed92b49ce986eb3fb21cf69e2dfafc23b,3.12.3,2.5.1
cell-max,7200,clean,17,b215dd1f719de4af8cbd798c6d339ebafc57bb0c3e8aa11d354ee14f79fbb56f,1,0,11.821305,c295d1ed726ec71010d2a9f66ee441fed92b49ce986eb3fb21cf69e2dfafc23b,3.12.3,2.5.1
quadratic-fft,7200,clean,17,b215dd1f719de4af8cbd798c6d339ebafc57bb0c3e8aa11d354ee14f79fbb56f,1,1,10.275547,c295d1ed726ec71010d2a9f66ee441fed92b49ce986eb3fb21cf69e2dfafc23b,3.12.3,2.5.1
legacy-point,7200,clean,17,b215dd1f719de4af8cbd798c6d339ebafc57bb0c3e8aa11d354ee14f79fbb56f,1,2,11.029208,c295d1ed726ec71010d2a9f66ee441fed92b49ce986eb3fb21cf69e2dfafc23b,3.12.3,2.5.1
quadratic-fft,7200,clean,17,b215dd1f719de4af8cbd798c6d339ebafc57bb0c3e8aa11d354ee14f79fbb56f,2,0,10.258884,c295d1ed726ec71010d2a9f66ee441fed92b49ce986eb3fb21cf69e2dfafc23b,3.12.3,2.5.1
legacy-point,7200,clean,17,b215dd1f719de4af8cbd798c6d339ebafc57bb0c3e8aa11d354ee14f79fbb56f,2,1,8.527798,c295d1ed726ec71010d2a9f66ee441fed92b49ce986eb3fb21cf69e2dfafc23b,3.12.3,2.5.1
cell-max,7200,clean,17,b215dd1f719de4af8cbd798c6d339ebafc57bb0c3e8aa11d354ee14f79fbb56f,2,2,12.039312,c295d1ed726ec71010d2a9f66ee441fed92b49ce986eb3fb21cf69e2dfafc23b,3.12.3,2.5.1
legacy-point,7200,clean,17,b215dd1f719de4af8cbd798c6d339ebafc57bb0c3e8aa11d354ee14f79fbb56f,3,0,8.08182,c295d1ed726ec71010d2a9f66ee441fed92b49ce986eb3fb21cf69e2dfafc23b,3.12.3,2.5.1
cell-max,7200,clean,17,b215dd1f719de4af8cbd798c6d339ebafc57bb0c3e8aa11d354ee14f79fbb56f,3,1,13.498236,c295d1ed726ec71010d2a9f66ee441fed92b49ce986eb3fb21cf69e2dfafc23b,3.12.3,2.5.1
quadratic-fft,7200,clean,17,b215dd1f719de4af8cbd798c6d339ebafc57bb0c3e8aa11d354ee14f79fbb56f,3,2,8.544434,c295d1ed726ec71010d2a9f66ee441fed92b49ce986eb3fb21cf69e2dfafc23b,3.12.3,2.5.1
cell-max,7200,clean,17,b215dd1f719de4af8cbd798c6d339ebafc57bb0c3e8aa11d354ee14f79fbb56f,4,0,9.985125,c295d1ed726ec71010d2a9f66ee441fed92b49ce986eb3fb21cf69e2dfafc23b,3.12.3,2.5.1
quadratic-fft,7200,clean,17,b215dd1f719de4af8cbd798c6d339ebafc57bb0c3e8aa11d354ee14f79fbb56f,4,1,8.668119,c295d1ed726ec71010d2a9f66ee441fed92b49ce986eb3fb21cf69e2dfafc23b,3.12.3,2.5.1
legacy-point,7200,clean,17,b215dd1f719de4af8cbd798c6d339ebafc57bb0c3e8aa11d354ee14f79fbb56f,4,2,7.831838,c295d1ed726ec71010d2a9f66ee441fed92b49ce986eb3fb21cf69e2dfafc23b,3.12.3,2.5.1
cell-max,7200,noise-10db,17,3062987afc20c380c42c2c313cf9ba0ef35af7d4dbfc656b8d9d4c23cbab108d,0,0,11.714101,c295d1ed726ec71010d2a9f66ee441fed92b49ce986eb3fb21cf69e2dfafc23b,3.12.3,2.5.1
quadratic-fft,7200,noise-10db,17,3062987afc20c380c42c2c313cf9ba0ef35af7d4dbfc656b8d9d4c23cbab108d,0,1,8.758085,c295d1ed726ec71010d2a9f66ee441fed92b49ce986eb3fb21cf69e2dfafc23b,3.12.3,2.5.1
legacy-point,7200,noise-10db,17,3062987afc20c380c42c2c313cf9ba0ef35af7d4dbfc656b8d9d4c23cbab108d,0,2,9.348418,c295d1ed726ec71010d2a9f66ee441fed92b49ce986eb3fb21cf69e2dfafc23b,3.12.3,2.5.1
quadratic-fft,7200,noise-10db,17,3062987afc20c380c42c2c313cf9ba0ef35af7d4dbfc656b8d9d4c23cbab108d,1,0,8.991313,c295d1ed726ec71010d2a9f66ee441fed92b49ce986eb3fb21cf69e2dfafc23b,3.12.3,2.5.1
legacy-point,7200,noise-10db,17,3062987afc20c380c42c2c313cf9ba0ef35af7d4dbfc656b8d9d4c23cbab108d,1,1,8.958318,c295d1ed726ec71010d2a9f66ee441fed92b49ce986eb3fb21cf69e2dfafc23b,3.12.3,2.5.1
cell-max,7200,noise-10db,17,3062987afc20c380c42c2c313cf9ba0ef35af7d4dbfc656b8d9d4c23cbab108d,1,2,11.01954,c295d1ed726ec71010d2a9f66ee441fed92b49ce986eb3fb21cf69e2dfafc23b,3.12.3,2.5.1
legacy-point,7200,noise-10db,17,3062987afc20c380c42c2c313cf9ba0ef35af7d4dbfc656b8d9d4c23cbab108d,2,0,8.193134,c295d1ed726ec71010d2a9f66ee441fed92b49ce986eb3fb21cf69e2dfafc23b,3.12.3,2.5.1
cell-max,7200,noise-10db,17,3062987afc20c380c42c2c313cf9ba0ef35af7d4dbfc656b8d9d4c23cbab108d,2,1,11.472904,c295d1ed726ec71010d2a9f66ee441fed92b49ce986eb3fb21cf69e2dfafc23b,3.12.3,2.5.1
quadratic-fft,7200,noise-10db,17,3062987afc20c380c42c2c313cf9ba0ef35af7d4dbfc656b8d9d4c23cbab108d,2,2,9.124313,c295d1ed726ec71010d2a9f66ee441fed92b49ce986eb3fb21cf69e2dfafc23b,3.12.3,2.5.1
cell-max,7200,noise-10db,17,3062987afc20c380c42c2c313cf9ba0ef35af7d4dbfc656b8d9d4c23cbab108d,3,0,10.157976,c295d1ed726ec71010d2a9f66ee441fed92b49ce986eb3fb21cf69e2dfafc23b,3.12.3,2.5.1
quadratic-fft,7200,noise-10db,17,3062987afc20c380c42c2c313cf9ba0ef35af7d4dbfc656b8d9d4c23cbab108d,3,1,9.212013,c295d1ed726ec71010d2a9f66ee441fed92b49ce986eb3fb21cf69e2dfafc23b,3.12.3,2.5.1
legacy-point,7200,noise-10db,17,3062987afc20c380c42c2c313cf9ba0ef35af7d4dbfc656b8d9d4c23cbab108d,3,2,9.320085,c295d1ed726ec71010d2a9f66ee441fed92b49ce986eb3fb21cf69e2dfafc23b,3.12.3,2.5.1
quadratic-fft,7200,noise-10db,17,3062987afc20c380c42c2c313cf9ba0ef35af7d4dbfc656b8d9d4c23cbab108d,4,0,10.293371,c295d1ed726ec71010d2a9f66ee441fed92b49ce986eb3fb21cf69e2dfafc23b,3.12.3,2.5.1
legacy-point,7200,noise-10db,17,3062987afc20c380c42c2c313cf9ba0ef35af7d4dbfc656b8d9d4c23cbab108d,4,1,9.408462,c295d1ed726ec71010d2a9f66ee441fed92b49ce986eb3fb21cf69e2dfafc23b,3.12.3,2.5.1
cell-max,7200,noise-10db,17,3062987afc20c380c42c2c313cf9ba0ef35af7d4dbfc656b8d9d4c23cbab108d,4,2,10.166399,c295d1ed726ec71010d2a9f66ee441fed92b49ce986eb3fb21cf69e2dfafc23b,3.12.3,2.5.1
